Club,Last Name,First Name,Playing Position,2022 Base Salary,2022 Guar. Comp.
Atlanta United,Almada,Thiago ,M-F,"$1,650,000","$2,332,000"
Atlanta United,Alonso,Osvaldo,M,"$84,000","$84,000"
Atlanta United,Ambrose,Mikey,D,"$85,444","$85,444"
Atlanta United,AraÃºjo,Luiz ,F-M,"$3,600,000","$3,941,667"
Atlanta United,Barco,Ezequiel,M,"$2,200,000","$2,200,000"
Atlanta United,Campbell,George,D,"$98,000","$98,000"
Atlanta United,Castanheira,Dylan,GK,"$85,444","$85,444"
Atlanta United,Centeno,Erik ,D,"$65,500","$75,276"
Atlanta United,Chol,Machop,M,"$65,500","$65,500"
Atlanta United,Cisneros,Ronaldo ,F,"$244,000","$244,000"
Atlanta United,Conway,Jackson,F,"$84,000","$84,000"
Atlanta United,De John,Alex,D,"$85,444","$85,444"
Atlanta United,Dwyer,Dom,F,"$84,000","$84,000"
Atlanta United,Franco,Alan,D,"$540,000","$667,500"
Atlanta United,Garces,Justin ,GK,"$65,500","$65,500"
Atlanta United,Gutman,Andrew,D,"$300,000","$331,250"
Atlanta United,Guzan,Brad,GK,"$445,716","$458,216"
Atlanta United,HernÃ¡ndez,Ronald,D,"$300,000","$300,000"
Atlanta United,Hyndman,Emerson,M,"$657,143","$657,143"
Atlanta United,Ibarra,Franco,D-M,"$450,000","$520,000"
Atlanta United,Lennon,Brooks,D,"$500,000","$500,000"
Atlanta United,LÃ³pez Samaniego,Erik ,F,"$360,000","$528,300"
Atlanta United,MartÃ­nez,Josef,F,"$3,750,000","$4,141,667"
Atlanta United,Morales,Efrain,D,"$65,500","$65,500"
Atlanta United,Moreno,Marcelino,F-M,"$460,000","$460,000"
Atlanta United,Mulraney,Jake,M,"$301,600","$338,777"
Atlanta United,Robinson,Miles,D,"$700,000","$737,500"
Atlanta United,Rossetto,Matheus,M,"$550,000","$662,500"
Atlanta United,SejdiÄ‡,Amar,M,"$85,444","$85,444"
Atlanta United,Shuttleworth,Bobby,GK,"$125,000","$125,000"
Atlanta United,Sosa,Santiago,M-F,"$525,000","$643,100"
Atlanta United,Washington,Bryce,D,"$65,500","$65,500"
Atlanta United,Wiley ,Caleb ,D,"$65,500","$67,100"
Atlanta United,Wolff,Tyler,F-M,"$110,000","$114,500"
Austin FC,Asensio,Carlos ,D,"$65,500","$65,500"
Austin FC,Cascante,Julio,D,"$310,000","$337,500"
Austin FC,DjittÃ©,Moussa,F,"$550,000","$550,000"
Austin FC,Dominguez,Cecilio,F,"$1,530,000","$1,736,000"
Austin FC,Driussi,Sebastian,F,"$2,200,000","$2,317,000"
Austin FC,FagÃºndez,Diego,M,"$450,000","$450,000"
Austin FC,Finlay,Ethan,M,"$350,000","$350,000"
Austin FC,Gabrielsen,Ruben,D,"$950,000","$950,000"
Austin FC,Gallagher,Jon,F,"$155,000","$155,000"
Austin FC,Hoesen,Danny,F,"$650,000","$716,667"
Austin FC,Jimenez,Hector,D,"$200,000","$200,000"
Austin FC,Keller ,Kipp ,M,"$84,000","$96,500"
Austin FC,Kleeman,Freddy,D,"$66,724","$66,724"
Austin FC,Kolmanic,Zan,D,"$300,000","$300,000"
Austin FC,Las,Damian,GK,"$65,500","$65,500"
Austin FC,Lima,Nick,D,"$350,000","$350,000"
Austin FC,Martins,Felipe,M,"$84,000","$84,000"
Austin FC,Pereira,Danny,M,"$84,000","$102,258"
Austin FC,Pochettino,Tomas,M,"$525,000","$585,000"
Austin FC,Pulisic,William ,GK,"$66,724","$66,724"
Austin FC,Redes,Rodney,F,"$412,500","$412,500"
Austin FC,Ring,Alexander,M,"$1,500,000","$1,640,000"
Austin FC,RomaÃ±a,Jhohan,D,"$440,000","$440,000"
Austin FC,Stroud,Jared,M,"$84,000","$84,000"
Austin FC,Stuver,Brad,GK,"$175,000","$185,000"
Austin FC,Tarbell,Andrew,GK,"$300,000","$308,333"
Austin FC,Urruti,Maximiliano,F,"$625,000","$661,250"
Austin FC,Valencia ,Jhojan,M,"$355,000","$400,125"
Austin FC,Wolff,Owen ,M,"$65,500","$78,553"
Charlotte FC,Afful,Harrison,D,"$300,000","$332,500"
Charlotte FC,AlcÃ­var,Jordy ,M,"$235,000","$325,600"
Charlotte FC,Armour,Adam,D,"$65,500","$65,500"
Charlotte FC,Bender,Benjamin ,M,"$65,500","$83,000"
Charlotte FC,Bronico,Brandt,M,"$125,000","$134,330"
Charlotte FC,Corujo,Guzman,D,"$600,000","$633,500"
Charlotte FC,Franco,Alan Steven,M,"$480,000","$538,300"
Charlotte FC,Fuchs,Christian ,D,"$375,000","$375,000"
Charlotte FC,Gaines II,Orrin McKinze,F,"$84,000","$86,750"
Charlotte FC,Hegardt ,Christopher ,M,"$65,500","$73,012"
Charlotte FC,Jones,Derrick,M,"$185,000","$207,969"
Charlotte FC,JÃ³Åºwiak,Kamil,F-M,"$900,000","$1,017,000"
Charlotte FC,Kahlina,Kristijan,GK,"$425,000","$451,875"
Charlotte FC,Lindsey,Jaylin,D,"$200,000","$235,625"
Charlotte FC,Makoun,Christian,D-M,"$200,000","$200,000"
Charlotte FC,Marks ,George ,GK,"$65,500","$65,500"
Charlotte FC,McNeill,Quinn ,M,"$65,500","$65,500"
Charlotte FC,Mello,Vinicius,F,"$300,000","$334,900"
Charlotte FC,Mora,Joseph,D,"$200,000","$200,000"
Charlotte FC,OrtÃ­z,Cristian ,M-F,"$300,000","$300,000"
Charlotte FC,Reyna,Yordy,M-F,"$797,500","$797,500"
Charlotte FC,RÃ­os,Daniel,F,"$230,000","$251,500"
Charlotte FC,Ruiz,Sergio,M,"$550,000","$613,000"
Charlotte FC,Santos,Koa,D,"$65,500","$65,500"
Charlotte FC,Sisniega,Pablo,GK,"$180,000","$200,667"
Charlotte FC,Sobocinski,Jan ,D,"$325,000","$351,250"
Charlotte FC,Åšwiderski,Karol,F,"$2,200,000","$2,258,000"
Charlotte FC,Walkes,Anton,D,"$325,000","$353,594"
Charlotte FC,Zendejas,Adrian,GK,"$84,000","$91,986"
Chicago Fire,Bezerra,Victor ,F,"$84,000","$96,461"
Chicago Fire,Bornstein,Jonathan,D,"$300,000","$330,000"
Chicago Fire,Brady,Chris,GK,"$84,000","$85,900"
Chicago Fire,Burks,Kendall ,D,"$84,000","$84,000"
Chicago Fire,Casas Jr.,Javier,M,"$84,000","$85,900"
Chicago Fire,Czichos,Rafael ,D,"$1,300,000","$1,336,667"
Chicago Fire,DurÃ¡n,Jhon ,F,"$120,000","$167,000"
Chicago Fire,Espinoza,Jhon,D,"$216,000","$242,500"
Chicago Fire,Gimenez,GastÃ³n,M,"$2,060,000","$2,360,667"
Chicago Fire,Gutierrez,Brian,M,"$104,000","$105,900"
Chicago Fire,Herbers,Fabian,M,"$260,000","$281,250"
Chicago Fire,Ivanov,Stanislav,M,"$300,000","$359,000"
Chicago Fire,Monis,Alex,M,"$84,000","$85,900"
Chicago Fire,Navarro,Miguel Ãngel ,D,"$200,000","$247,000"
Chicago Fire,Navarro,Federico,M,"$200,004","$277,504"
Chicago Fire,Offor,Chinonso,F,"$159,996","$209,396"
Chicago Fire,Omsberg,Wyatt,D,"$140,000","$157,000"
Chicago Fire,Oregel,Sergio ,M,"$65,500","$65,500"
Chicago Fire,Pineda,Mauricio,D-M,"$225,000","$248,875"
Chicago Fire,Przybylko,Kacper,F,"$1,100,004","$1,212,504"
Chicago Fire,Reynolds,Andre,D,"$90,000","$98,000"
Chicago Fire,Richey,Spencer,GK,"$132,000","$132,000"
Chicago Fire,Rodriguez,Allan,M,"$84,000","$85,900"
Chicago Fire,RodrÃ­guez,Missael ,F,"$65,500","$65,500"
Chicago Fire,Sekulic,Boris,D,"$596,000","$668,900"
Chicago Fire,Shaqiri,Xherdan,M,"$7,350,000","$8,153,000"
Chicago Fire,Slonina,Gabriel,GK,"$143,000","$147,800"
Chicago Fire,TerÃ¡n,Carlos ,D,"$200,000","$255,440"
Colorado Rapids,Alves da Silva,Max,M,"$212,000","$293,360"
Colorado Rapids,Abubakar,Lalas,D,"$235,000","$272,125"
Colorado Rapids,Acosta,Bryan,M,"$650,000","$706,667"
Colorado Rapids,Anderson,Sebastian,D,"$105,000","$106,667"
Colorado Rapids,Barrios,Michael,M,"$650,000","$680,000"
Colorado Rapids,Bassett,Cole,M,"$450,000","$450,000"
Colorado Rapids,Beitashour,Steven,D,"$150,000","$172,500"
Colorado Rapids,Edwards,Michael,D,"$84,000","$84,000"
Colorado Rapids,Esteves ,Lucas ,D,"$373,032","$415,503"
Colorado Rapids,GalvÃ¡n,Braian,F,"$318,000","$414,322"
Colorado Rapids,Irwin,Clint,GK,"$200,000","$213,300"
Colorado Rapids,Kaye,Mark-Anthony,M,"$700,000","$700,000"
Colorado Rapids,Keita,Aboubacar,D,"$135,000","$135,000"
Colorado Rapids,Larraz,Oliver,M,"$65,500","$65,500"
Colorado Rapids,Lewis,Jonathan,F,"$410,000","$435,000"
Colorado Rapids,Markanich ,Anthony,D,"$65,500","$65,500"
Colorado Rapids,Mayaka,Philip,M,"$100,000","$113,000"
Colorado Rapids,Mezquida,NicolÃ¡s,M,"$84,000","$84,000"
Colorado Rapids,Moor,Drew,D,"$150,000","$172,500"
Colorado Rapids,Price,Jack,M,"$662,500","$725,000"
Colorado Rapids,Rodriguez,Abraham,GK,"$84,000","$84,000"
Colorado Rapids,Rosenberry,Keegan,D,"$400,000","$400,000"
Colorado Rapids,Rubio Kostner,Diego,F,"$585,000","$629,583"
Colorado Rapids,Shinyashiki,Andre,F,"$140,000","$150,000"
Colorado Rapids,Toure,"Dantouma ""Yaya""",F,"$65,500","$80,118"
Colorado Rapids,Travis,Jackson ,M,"$65,500","$68,000"
Colorado Rapids,Trusty,Auston,D,"$718,000","$890,292"
Colorado Rapids,Vallecilla,Gustavo ,D,"$312,000","$344,880"
Colorado Rapids,Warner,Collen,M,"$84,000","$84,000"
Colorado Rapids,Wilson,Danny,D,"$330,000","$354,750"
Colorado Rapids,Yapi,Darren,F,"$65,500","$76,333"
Colorado Rapids,Yarbrough,William,GK,"$300,000","$375,000"
Colorado Rapids,Zardes,Gyasi,F,"$1,500,000","$1,550,000"
Columbus Crew,Anibaba,Jalil,D,"$150,000","$150,000"
Columbus Crew,Berry,Miguel,F,"$120,000","$120,000"
Columbus Crew,Bush,Evan,GK,"$84,000","$84,000"
Columbus Crew,Degenek,MiloÅ¡,D,"$715,000","$812,000"
Columbus Crew,DÃ­az,Luis ,M,"$375,000","$408,900"
Columbus Crew,Etienne,Derrick,M,"$175,000","$175,000"
Columbus Crew,Hairston,Marlon,M-D,"$175,000","$175,000"
Columbus Crew,Hurtado,Erik,F,"$84,000","$84,000"
Columbus Crew,Igbekeme,James ,M,"$315,000","$408,281"
Columbus Crew,Kitchen,Perry,M,"$300,000","$326,667"
Columbus Crew,,Artur,M,"$564,000","$615,633"
Columbus Crew,Matan,Alexandru,M,"$425,000","$458,250"
Columbus Crew,Mensah,Jonathan,D,"$1,000,000","$1,140,667"
Columbus Crew,Molino,Kevin,M,"$700,348","$700,348"
Columbus Crew,Moreira,Steven,D,"$550,000","$632,708"
Columbus Crew,Morris,Aidan,M,"$170,000","$172,000"
Columbus Crew,Morris,Jake ,D,"$65,500","$65,500"
Columbus Crew,Nagbe,Darlington,M,"$1,760,000","$1,760,000"
Columbus Crew,Parente,Isaiah,M,"$66,724","$70,724"
Columbus Crew,Room,Eloy,GK,"$800,000","$883,000"
Columbus Crew,Sands,Will ,D,"$84,000","$90,250"
Columbus Crew,Santos,Pedro,D,"$625,000","$687,500"
Columbus Crew,Schulte ,Patrick ,GK,"$84,000","$96,431"
Columbus Crew,Scott,Brady,GK,"$84,000","$84,000"
Columbus Crew,Williams,Josh,D,"$325,000","$325,000"
Columbus Crew,Yeboah,Yaw,M,"$600,000","$663,750"
Columbus Crew,Zawadzki,Sean ,M,"$84,000","$89,000"
Columbus Crew,ZelarayÃ¡n,Lucas,M,"$3,100,000","$3,700,000"
DC United,Alfaro,Tony,D,"$89,513","$89,513"
DC United,Birnbaum,Steven,D,"$750,000","$762,500"
DC United,Canouse,Russell,M,"$515,000","$515,000"
DC United,Djeffal,Sofiane,M,"$65,500","$65,500"
DC United,Durkin,Chris,M,"$400,000","$445,000"
DC United,Estrada ,Michael ,F,"$300,000","$425,700"
DC United,Flores,Edison,M-F,"$1,600,000","$1,733,000"
DC United,Fountas,Taxiarchis,F,"$1,600,000","$1,646,000"
DC United,Garay,Jeremy,M,"$65,500","$69,550"
DC United,Greene,Jacob,D-M,"$85,444","$88,444"
DC United,Gressel,Julian,M,"$914,000","$969,781"
DC United,Hamid,Bill,GK,"$700,000","$700,000"
DC United,Hines-Ike,Brendan,D,"$375,000","$417,917"
DC United,Hopkins,Jackson ,M,"$65,500","$65,833"
DC United,Kamara,Ola,F,"$1,500,000","$1,520,000"
DC United,Kempin,Jon,GK,"$84,000","$84,000"
DC United,Ku-DiPietro,Theodore ,M,"$65,500","$65,500"
DC United,Najar,Andy,D,"$375,000","$375,000"
DC United,Nyeman,Moses,M,"$89,716","$92,502"
DC United,Odoi-Atsem,Chris,D,"$140,000","$151,000"
DC United,PÃ©rez,Adrien,F,"$89,513","$89,513"
DC United,Pines,Donovan,D,"$150,000","$152,000"
DC United,Robertha,Nigel,F,"$550,000","$622,406"
DC United,Romo,Rafael,GK,"$250,000","$285,833"
DC United,Samake,Gaoussou,D-M,"$84,000","$84,000"
DC United,Sargis,Hayden ,D,"$65,500","$65,500"
DC United,Skundrich,Drew ,M-F,"$89,513","$89,513"
DC United,Smith,Brad,D,"$550,000","$591,250"
DC United,Smith,Kimarni,M-F,"$85,444","$85,444"
DC United,Yow,Griffin,F,"$130,000","$136,118"
FC Cincinnati,Acosta,Luciano,M,"$1,943,500","$2,222,854"
FC Cincinnati,Atanga,Isaac,F,"$350,000","$364,000"
FC Cincinnati,Badji,Dominique,F,"$500,000","$555,000"
FC Cincinnati,Bailey,Zico,D,"$84,000","$84,000"
FC Cincinnati,Barreal,Ãlvaro,F,"$350,000","$350,000"
FC Cincinnati,Blackett,Tyler ,D,"$807,600","$807,600"
FC Cincinnati,Cameron,Geoff,D,"$387,000","$440,667"
FC Cincinnati,Celentano,Roman ,GK,"$84,000","$99,000"
FC Cincinnati,Cruz,Allan ,M,"$1,140,000","$1,254,000"
FC Cincinnati,Gaddis,Ray,D,"$230,000","$230,000"
FC Cincinnati,Hagglund,Nick,D,"$84,000","$84,000"
FC Cincinnati,Harris,Calvin,F,"$85,444","$100,444"
FC Cincinnati,Kann,Alec,GK,"$200,000","$220,833"
FC Cincinnati,Kubo,Yuya,M,"$1,091,000","$1,206,750"
FC Cincinnati,Markanich,Nick,F,"$65,500","$65,500"
FC Cincinnati,Matarrita,Ronald,D,"$750,000","$806,875"
FC Cincinnati,Medunjanin,Haris,M,"$225,000","$248,750"
FC Cincinnati,Mines,Ben,M,"$84,000","$88,840"
FC Cincinnati,Moreno,Junior,M,"$325,000","$373,750"
FC Cincinnati,Murphy,Ian ,D,"$65,500","$67,750"
FC Cincinnati,Nelson,John,D,"$65,500","$73,500"
FC Cincinnati,Nwobodo,Obinna ,M,"$900,000","$1,028,100"
FC Cincinnati,OrdÃ³Ã±ez,ArquÃ­mides,F,"$65,500","$69,037"
FC Cincinnati,Powell,Alvas,D,"$150,000","$167,000"
FC Cincinnati,Robledo,Harrison ,F,"$65,500","$86,391"
FC Cincinnati,da Silva,Brenner,F,"$1,680,000","$2,218,600"
FC Cincinnati,Sunderland,Beckham,GK,"$84,000","$87,863"
FC Cincinnati,VÃ¡zquez,Brandon,F,"$275,000","$304,167"
FC Cincinnati,Vermeer,Kenneth,GK,"$84,000","$84,000"
FC Dallas,,NanÃº,D,"$600,000","$668,750"
FC Dallas,Arriola,Paul,M,"$1,100,000","$1,130,000"
FC Dallas,Bartlett,Lucas,D,"$84,000","$84,000"
FC Dallas,Carrera ,Antonio ,GK,"$65,500","$85,019"
FC Dallas,Cerrillo,Edwin,M,"$115,000","$130,000"
FC Dallas,Che,Justin,D,"$100,000","$109,209"
FC Dallas,ElMedkhar,Kalil,F,"$65,500","$65,500"
FC Dallas,FarfÃ¡n,Marco,D,"$225,000","$225,000"
FC Dallas,Ferreira,JesÃºs,F,"$1,300,000","$1,499,000"
FC Dallas,Hedges,Matt,D,"$900,000","$900,000"
FC Dallas,Hernandez,Dominick,M,"$66,724","$76,438"
FC Dallas,Jara,Franco,F,"$2,540,000","$3,227,000"
FC Dallas,Martinez,JosÃ© Antonio,D,"$650,000","$723,000"
FC Dallas,Maurer,Jimmy,GK,"$275,000","$292,887"
FC Dallas,Munjoma,Eddie,D,"$84,000","$84,000"
FC Dallas,Ntsabeleng,Tsiki,M,"$65,500","$65,500"
FC Dallas,Obrian,JÃ¡der,F,"$382,500","$467,100"
FC Dallas,Paes,Maarten,GK,"$150,000","$187,500"
FC Dallas,Parker,Isaiah ,D,"$65,500","$77,500"
FC Dallas,Pomykal,Paxton,M,"$700,000","$700,000"
FC Dallas,QuignÃ³n,Facundo,M,"$786,000","$840,627"
FC Dallas,QuiÃ±Ã³nez,JoshuÃ©,D,"$180,000","$227,833"
FC Dallas,RedÅ¾ic,Beni ,M,"$66,724","$74,346"
FC Dallas,Roberts,Thomas,M,"$144,000","$157,000"
FC Dallas,SchÃ¶n,Szabolcs,F,"$350,000","$391,800"
FC Dallas,Sealy,Dante,F,"$140,000","$153,400"
FC Dallas,Servania,Brandon,M,"$400,000","$455,833"
FC Dallas,Smith ,Collin ,D,"$90,000","$93,000"
FC Dallas,Tafari,Nkosi,D,"$197,950","$197,950"
FC Dallas,Twumasi,Ema,D,"$290,000","$336,900"
FC Dallas,Velasco,Alan ,F,"$1,100,000","$1,305,000"
Houston Dynamo,,Zeca,D,"$218,182","$259,015"
Houston Dynamo,Baird,Corey,F,"$440,000","$471,031"
Houston Dynamo,Bajamich,Mateo,F,"$286,000","$346,069"
Houston Dynamo,Bartlow,Ethan,D,"$84,000","$91,500"
Houston Dynamo,Carrasquilla,Adalberto,M,"$418,908","$469,132"
Houston Dynamo,Castilla,Juan,M,"$65,500","$70,022"
Houston Dynamo,CerÃ©n,Darwin,M,"$190,000","$240,000"
Houston Dynamo,Clark,Steve,GK,"$560,000","$620,031"
Houston Dynamo,Dorsey,Griffin,D,"$125,000","$144,000"
Houston Dynamo,Fernandes,Thiago ,F,"$310,344","$370,344"
Houston Dynamo,Ferreira,SebastiÃ¡n,F,"$1,600,000","$1,970,200"
Houston Dynamo,Hadebe,Teenage ,D,"$1,014,000","$1,179,177"
Houston Dynamo,Hoffmann,Ian,D,"$85,444","$85,444"
Houston Dynamo,Junqua,Sam,D,"$89,513","$89,513"
Houston Dynamo,Lemoine,Nico,F,"$84,000","$84,000"
Houston Dynamo,Lundkvist,Adam,D,"$325,000","$372,500"
Houston Dynamo,Nelson,Michael,GK,"$125,000","$139,500"
Houston Dynamo,Palomino,Marcelo,M,"$84,000","$84,000"
Houston Dynamo,Parker,Tim,D,"$1,000,000","$1,037,500"
Houston Dynamo,Pasher,Tyler,F,"$157,500","$165,381"
Houston Dynamo,Picault,FafÃ ,F,"$600,000","$600,000"
Houston Dynamo,Quintero,Darwin,F,"$600,000","$661,250"
Houston Dynamo,Raines,Brooklyn,M,"$65,500","$83,563"
Houston Dynamo,Rios,Daniel Esteban,M,"$65,500","$70,022"
Houston Dynamo,RodrÃ­guez,Memo,M,"$285,000","$310,935"
Houston Dynamo,Steres,Daniel,D,"$450,000","$468,750"
Houston Dynamo,Ãšlfarsson,Thorleifur,F,"$65,500","$77,699"
Houston Dynamo,Valdez,Xavier,GK,"$65,500","$75,211"
Houston Dynamo,Valentin,Zarek,D,"$260,000","$290,000"
Houston Dynamo,Vera,MatÃ­as,M,"$550,000","$622,812"
Inter Miami,Acosta,George,M,"$65,500","$65,500"
Inter Miami,Adams,Mo,M,"$130,000","$150,000"
Inter Miami,Allen ,Noah,D,"$65,500","$67,167"
Inter Miami,Azcona,Edison,M,"$65,500","$65,500"
Inter Miami,Callender,Drake,GK,"$130,000","$130,000"
Inter Miami,Campana,Leonardo,F,"$84,000","$135,680"
Inter Miami,de MagalhÃ£es Silva,Gregore,M,"$700,000","$801,000"
Inter Miami,Diop,Clement,GK,"$125,000","$136,250"
Inter Miami,Dos Santos,CJ,GK,"$65,500","$70,800"
Inter Miami,Duke,Bryce,M,"$120,000","$120,000"
Inter Miami,Fray,Ian,D,"$84,000","$84,000"
Inter Miami,Gibbs,Kieran,D,"$370,000","$378,167"
Inter Miami,Gonzalez Pirez,Leandro,D,"$892,500","$1,052,750"
Inter Miami,HiguaÃ­n ,Gonzalo,F,"$5,100,000","$5,793,750"
Inter Miami,Jones,Joevin,D-M,"$360,000","$458,100"
Inter Miami,Lassiter,Ariel,F,"$210,000","$230,280"
Inter Miami,Lowe,Damion,D,"$225,000","$268,333"
Inter Miami,Mabika,AimÃ©,D,"$65,500","$73,625"
Inter Miami,Marsman,Nick,GK,"$474,996","$587,184"
Inter Miami,Matuidi,Blaise,M,"$1,500,000","$1,500,000"
Inter Miami,McVey,Christopher,D,"$199,992","$224,292"
Inter Miami,Mota,Jean,D-M,"$700,000","$805,000"
Inter Miami,Pizarro,Rodolfo,M-F,"$3,050,000","$3,350,000"
Inter Miami,Quinteros,Jairo,D,"$85,000","$85,000"
Inter Miami,Robinson,Robert,F,"$140,000","$185,000"
Inter Miami,RodrÃ­guez,Emerson ,M,"$315,000","$350,500"
Inter Miami,Sailor,Ryan ,D,"$65,500","$65,500"
Inter Miami,Shea,Brek,M-D,"$182,000","$206,100"
Inter Miami,Taylor,Robert ,F,"$252,000","$278,900"
Inter Miami,Ulloa,VÃ­ctor,M,"$250,000","$250,000"
Inter Miami,Valencia-Barona,Felipe,F,"$65,500","$65,500"
Inter Miami,Yedlin,DeAndre,D,"$800,000","$848,750"
LA Galaxy,Aguirre,Daniel ,M-F,"$66,724","$66,724"
LA Galaxy,Ãlvarez,Efrain,M,"$600,000","$712,167"
LA Galaxy,Araujo,JuliÃ¡n,D,"$575,000","$678,750"
LA Galaxy,Bond,Jonathan,GK,"$475,000","$526,875"
LA Galaxy,Cabral ,Kevin ,F,"$1,650,000","$1,650,000"
LA Galaxy,Costa ,Douglas ,F,"$3,000,000","$3,000,000"
LA Galaxy,Coulibaly,SÃ©ga,D,"$420,000","$457,000"
LA Galaxy,Delgado,Marco,M,"$650,000","$726,250"
LA Galaxy,DePuy,Nick,D,"$231,000","$231,000"
LA Galaxy,Dunbar,Cameron,F,"$120,000","$136,750"
LA Galaxy,Edwards,Raheem,D-M,"$275,000","$307,500"
LA Galaxy,SaldaÃ±a,Adam,M,"$89,513","$95,447"
LA Galaxy,Ferkranus,Marcus,D,"$100,000","$113,625"
LA Galaxy,Grandsir,Samuel,F-M,"$900,000","$988,427"
LA Galaxy,Harvey,Carlos Miguel,D-M,"$84,000","$84,000"
LA Galaxy,Hernandez,Javier,F,"$6,000,000","$6,000,000"
LA Galaxy,JoveljiÄ‡,Dejan ,F,"$612,500","$612,500"
LA Galaxy,Judd,Preston ,F,"$65,500","$65,500"
LA Galaxy,Klinsmann,Jonathan,GK,"$200,000","$200,000"
LA Galaxy,Kljestan,Sacha,M,"$84,000","$84,000"
LA Galaxy,Leerdam,Kelvin,D,"$300,000","$335,000"
LA Galaxy,Neal,Jalen,D,"$100,000","$113,625"
LA Galaxy,PÃ©rez,Jonathan,M,"$150,000","$171,750"
LA Galaxy,Raveloson,Rayan ,M,"$780,000","$855,025"
LA Galaxy,SÃ¡nchez,Richard,GK,"$84,000","$84,000"
LA Galaxy,VÃ¡zquez,Victor,M,"$440,000","$440,000"
LA Galaxy,VillafaÃ±a,Jorge,D,"$450,000","$486,667"
LA Galaxy,Williams,Derrick,D,"$750,000","$821,458"
LA Galaxy,Zavaleta,Eriq,D,"$84,000","$84,000"
LAFC,Acosta,Kellyn,M,"$1,100,000","$1,215,000"
LAFC,Arango,Cristian ,M-F,"$624,000","$683,000"
LAFC,Blessing,Latif,M,"$400,000","$416,667"
LAFC,Cifuentes,JosÃ©,M,"$367,875","$411,750"
LAFC,CrÃ©peau,Maxime,GK,"$275,000","$302,500"
LAFC,DueÃ±as,Erik,D,"$100,000","$102,000"
LAFC,Escobar,Franco,D,"$550,008","$550,008"
LAFC,Fall,Mamadou,D-M,"$106,000","$118,750"
LAFC,Gaines,Julian,F,"$85,444","$87,444"
LAFC,Ginella,Francisco,M,"$450,000","$572,250"
LAFC,Henry,Doneil,D,"$385,000","$403,000"
LAFC,Hollingshead,Ryan,D,"$393,750","$393,750"
LAFC,Ibeagha,Sebastien,D,"$225,000","$252,125"
LAFC,Jennings,Cal,F,"$84,000","$84,000"
LAFC,Leone,Antonio,D-M,"$100,000","$102,000"
LAFC,McCarthy,John,GK,"$110,000","$110,000"
LAFC,Murillo,JesÃºs,D,"$450,000","$509,500"
LAFC,Musovski,Danny,F,"$93,988","$93,988"
LAFC,Opoku,Kwadwo,F-M,"$92,000","$133,095"
LAFC,Palacios,Diego,D,"$486,000","$510,000"
LAFC,RodrÃ­guez,Brian,F,"$805,000","$1,144,800"
LAFC,Romero,TomÃ¡s,GK,"$90,000","$95,000"
LAFC,SÃ¡nchez ,Ilie,M,"$1,150,000","$1,150,000"
LAFC,Segura,Eddie,D,"$200,000","$224,000"
LAFC,Tajouri-Shradi,Ismael,F,"$606,375","$647,860"
LAFC,Torres,Christian,F,"$90,000","$101,230"
LAFC,Traore,Mohamed,D,"$100,000","$100,000"
LAFC,Vela,Carlos,F,"$2,250,000","$4,050,000"
Major League Soccer,Barber,Grayson,F,"$84,000","$87,750"
Major League Soccer,Corona,Joe,M,"$300,000","$315,000"
Major League Soccer,Damm,Jurgen,M,"$1,321,000","$1,613,509"
Major League Soccer,Freeman,Tyler,F,"$110,000","$112,500"
Major League Soccer,Hundley,Matt,F,"$110,000","$119,000"
Major League Soccer,Pellegrini,Matias,M-F,"$875,000","$970,833"
Major League Soccer,Pompeu,Celio ,M,"$65,500","$65,500"
Major League Soccer,Schneider,Max,M,"$65,500","$65,500"
Minnesota United,Amarilla,Luis,F,"$650,000","$785,000"
Minnesota United,Arriaga,Kervin ,M,"$84,000","$103,667"
Minnesota United,Boxall,Michael,D,"$602,210","$655,307"
Minnesota United,Danladi,Abu,F,"$135,000","$142,125"
Minnesota United,Dibassy,Bakaye,D,"$650,000","$743,125"
Minnesota United,Dick,Eric,GK,"$84,000","$84,000"
Minnesota United,Dotson,Hassani,M-D,"$400,000","$457,500"
Minnesota United,Emmings,Fred,GK,"$84,000","$90,000"
Minnesota United,Fisher,Oniel,D,"$120,000","$133,000"
Minnesota United,Fragapane,Franco ,M-F,"$249,996","$257,496"
Minnesota United,Gasper,Chase,D,"$375,000","$400,000"
Minnesota United,Hansen,Niko,M,"$200,400","$219,400"
Minnesota United,Hayes,Jacori,M,"$190,000","$199,833"
Minnesota United,Hlongwane,Bongokuhle ,F,"$530,000","$580,000"
Minnesota United,Hunou,Adrien ,F,"$2,450,000","$2,687,702"
Minnesota United,Jackson ,Aziel ,M-F,"$66,724","$70,621"
Minnesota United,Kallman,Brent,D,"$160,000","$168,000"
Minnesota United,Kibunguchy,Nabilai,F,"$66,724","$66,724"
Minnesota United,Lawrence,Kemar,D,"$400,000","$482,500"
Minnesota United,Lod,Robin,M-F,"$849,996","$952,496"
Minnesota United,McMaster,Justin,M,"$66,724","$66,724"
Minnesota United,MÃ©tanire,Romain,D,"$720,000","$819,250"
Minnesota United,Miller,Tyler,GK,"$425,000","$445,938"
Minnesota United,Montgomery,Callum,D,"$85,444","$87,361"
Minnesota United,Oluwaseyi,Tani,M-F,"$65,500","$65,500"
Minnesota United,Padelford,Devin ,D,"$65,500","$72,500"
Minnesota United,Reynoso,Emanuel,M,"$850,000","$1,066,910"
Minnesota United,Rosales,Joseph ,M,"$65,500","$65,500"
Minnesota United,St. Clair,Dayne,GK,"$300,000","$321,875"
Minnesota United,Taylor,David,M,"$85,444","$85,444"
Minnesota United,Trapp,Wil,M,"$784,875","$784,875"
Minnesota United,Weah,Patrick,M-F,"$66,724","$79,910"
Montreal,Bassong,Zorhan,D,"$125,000","$137,500"
Montreal,Brault-Guillard,Zachary,D,"$275,000","$319,375"
Montreal,Breza,Sebastian,GK,"$84,000","$84,000"
Montreal,Camacho,Rudy,D,"$500,000","$554,000"
Montreal,ChoiniÃ¨re,Mathieu,M,"$125,000","$134,238"
Montreal,Corbo,Gabriele ,D,"$120,192","$120,192"
Montreal,Ferdinand,Keesean,D,"$89,716","$99,936"
Montreal,Giraldo,Tomas,M,"$110,000","$121,000"
Montreal,Hamdi,Ahmed,M,"$475,000","$572,500"
Montreal,Ibrahim,Sunusi,F,"$200,000","$291,250"
Montreal,Assi,Jean-Aniel,,"$84,000","$91,725"
Montreal,Johnsen,Bjorn,F,"$1,100,000","$1,236,667"
Montreal,Johnston,Alistair,M-D,"$400,000","$445,625"
Montreal,Kamara,Kei,F,"$84,000","$94,000"
Montreal,Ketterer,Logan,GK,"$84,000","$84,000"
Montreal,KonÃ©,Ismael,M,"$65,500","$68,125"
Montreal,Kwizera,Jojea,M,"$65,500","$65,500"
Montreal,Lappalainen,Lassi,M,"$510,000","$540,000"
Montreal,Mihailovic,Djordje,M,"$700,000","$751,875"
Montreal,Miljevic,Matko,M,"$545,455","$593,364"
Montreal,Miller,Kamal,D,"$300,000","$345,000"
Montreal,Pantemis,James,GK,"$145,000","$160,833"
Montreal,Piette,Samuel,M,"$400,000","$429,750"
Montreal,Quioto,Romell,F,"$800,000","$885,000"
Montreal,Rea,Sean,,"$84,000","$92,431"
Montreal,Saliba,Nathan-Dylan,,"$84,000","$94,822"
Montreal,Sirois,Jonathan,GK,"$84,000","$88,319"
Montreal,Thorkelsson,Robert ,D,"$150,000","$173,500"
Montreal,Torres,JoaquÃ­n,M,"$230,000","$279,800"
Montreal,Toye,Mason,F,"$500,000","$558,000"
Montreal,Wanyama,Victor,M,"$2,400,000","$3,091,667"
Montreal,Waterman,Joel,D,"$125,000","$133,909"
Montreal,Yao,Karifa,D,"$85,444","$89,933"
Montreal,Zouhir,Rida,M,"$84,000","$92,431"
Nashville SC,Anunga,Tah Brian,M,"$156,000","$176,000"
Nashville SC,Bauer,Josh ,D,"$66,724","$66,724"
Nashville SC,Bunbury,Teal,M-F,"$400,000","$416,667"
Nashville SC,Bwana,Handwalla,F-M,"$140,000","$140,000"
Nashville SC,Castellanos,Robert,D,"$84,000","$84,000"
Nashville SC,Davis,Sean,M,"$637,500","$637,500"
Nashville SC,Donasiyano,Irakoze,M-D,"$66,724","$66,724"
Nashville SC,Godoy,AnÃ­bal,M,"$800,000","$871,250"
Nashville SC,Haakenson,Luke,M,"$84,000","$84,000"
Nashville SC,Leal,Randall,F-M,"$850,000","$965,000"
Nashville SC,Loba,AkÃ©,F,"$1,250,000","$1,491,475"
Nashville SC,Longmire,Ahmed,M-D,"$65,500","$65,500"
Nashville SC,Lovitz,Daniel,D,"$498,750","$498,750"
Nashville SC,Maher,Jack,D,"$130,000","$164,000"
Nashville SC,McCarty,Dax,M,"$475,000","$517,500"
Nashville SC,Meredith,Bryan,GK,"$84,000","$84,000"
Nashville SC,Meyer ,William ,GK,"$65,500","$65,500"
Nashville SC,Miller,Eric,D,"$168,000","$168,000"
Nashville SC,Mukhtar,Hany,M,"$1,637,500","$1,637,500"
Nashville SC,Muyl,Alex,M,"$325,000","$331,562"
Nashville SC,Panicco,Elliot,GK,"$85,444","$85,444"
Nashville SC,Pineiro,Rodrigo,F,"$275,000","$372,500"
Nashville SC,Romney,Dave,D,"$475,000","$475,000"
Nashville SC,Sapong,CJ,F,"$550,000","$550,000"
Nashville SC,Washington,Taylor,D-M,"$93,989","$93,989"
Nashville SC,Willis,Joe,GK,"$300,000","$316,250"
Nashville SC,Zimmerman,Walker,D,"$1,100,000","$1,156,050"
Nashville SC,Zubak,Ethan,F,"$116,000","$130,000"
New England Revolution,Altidore,Jozy,F,"$3,706,139","$4,264,963"
New England Revolution,Bajraktarevic,Esmir,M,"$65,500","$71,559"
New England Revolution,Bell,Jon,D,"$84,000","$84,000"
New England Revolution,Boateng,Emmanuel,M,"$225,000","$225,000"
New England Revolution,Bou,Gustavo,M-F,"$2,500,000","$2,675,000"
New England Revolution,Buck,Noel,M,"$65,500","$65,500"
New England Revolution,Buksa,Adam,F,"$1,000,000","$1,106,250"
New England Revolution,Bye,Brandon,D,"$325,000","$343,813"
New England Revolution,DeLaGarza,AJ,D-M,"$250,000","$250,000"
New England Revolution,Edwards Jr.,Earl,GK,"$84,000","$84,000"
New England Revolution,Farrell,Andrew,D,"$425,000","$443,750"
New England Revolution,Gil,Carles,M,"$3,250,000","$3,545,833"
New England Revolution,GonzÃ¡lez,Omar,D,"$425,000","$450,000"
New England Revolution,Jackson,Jacob,GK,"$65,500","$65,500"
New England Revolution,Jones,DeJuan,D-M,"$350,000","$370,000"
New England Revolution,Kaptoum,Wilfrid,M,"$525,000","$582,500"
New England Revolution,Kessler,Henry,D,"$150,000","$170,000"
New England Revolution,Kizza,Edward,F,"$66,724","$66,724"
New England Revolution,Knighton,Brad,GK,"$150,000","$157,500"
New England Revolution,Lletget,Sebastian,M,"$900,000","$1,023,750"
New England Revolution,Maciel Felix,Lucas,M,"$69,902","$69,902"
New England Revolution,McNamara,Tommy,M,"$240,000","$240,000"
New England Revolution,Petrovic,Dorde,GK,"$225,000","$225,000"
New England Revolution,Polster,Matt,D-M,"$325,000","$353,437"
New England Revolution,Rennicks,Justin,F,"$110,000","$120,000"
New England Revolution,Rivera,DamiÃ¡n,M,"$84,000","$84,000"
New England Revolution,Spaulding,Ryan ,M,"$65,500","$65,500"
New England Revolution,Traustason,ArnÃ³r ,M,"$400,000","$438,405"
New England Revolution,Turner,Matt,GK,"$500,000","$500,000"
New York City FC,Acevedo,NicolÃ¡s,D-M,"$200,000","$254,800"
New York City FC,Amundsen,Malte,D,"$270,000","$308,700"
New York City FC,Araujo dos Santos,HÃ©ber,F,"$825,000","$914,000"
New York City FC,Barraza,Luis,GK,"$125,000","$132,688"
New York City FC,BenalcÃ¡zar,Nico,D,"$65,500","$65,500"
New York City FC,Callens,Alexander,D,"$750,000","$814,000"
New York City FC,Carrizo,MÃ¡ximo,M,"$65,500","$84,357"
New York City FC,Castellanos,ValentÃ­n,M,"$900,000","$1,076,000"
New York City FC,Chanot,Maxime,D,"$700,000","$700,000"
New York City FC,Andrade,Thiago,F,"$180,000","$199,600"
New York City FC,Gloster,Christopher,D,"$228,000","$238,000"
New York City FC,Gray,Tayvon,D,"$125,000","$144,788"
New York City FC,Haak,Justin,M,"$85,444","$85,444"
New York City FC,Jasson,Andres,M,"$100,000","$117,144"
New York City FC,Jimenez,Jonathan ,F,"$65,500","$65,500"
New York City FC,Johnson,Sean,GK,"$550,000","$550,000"
New York City FC,Latinovich,Vuk,D,"$85,444","$85,444"
New York City FC,Magno,Talles,F,"$950,000","$1,198,000"
New York City FC,Martins,Thiago,D,"$1,500,000","$1,962,000"
New York City FC,McFarlane,Christian ,M,"$65,500","$83,756"
New York City FC,Mitrita,Alexandru,F,"$1,150,000","$1,150,000"
New York City FC,Mizell,Cody,GK,"$85,444","$85,444"
New York City FC,Morales,Alfredo,M,"$600,000","$662,250"
New York City FC,Moralez,Maxi,M,"$670,000","$1,300,000"
New York City FC,O'Toole ,Kevin,F,"$65,500","$65,500"
New York City FC,Owusu,Samuel,D,"$85,444","$85,444"
New York City FC,Parks,Keaton,M,"$500,000","$500,000"
New York City FC,Pereira,Gabriel ,F,"$555,000","$624,500"
New York City FC,RodrÃ­guez,Santiago,M,"$612,500","$612,500"
New York City FC,Sands,James,D-M,"$400,000","$493,956"
New York City FC,Tinnerholm,Anton,D,"$750,000","$800,000"
New York City FC,Zelalem,Gedion,M,"$84,000","$84,000"
New York Red Bulls,,Luquinhas,F,"$1,050,000","$1,173,125"
New York Red Bulls,Amaya,Frankie,M,"$325,000","$381,406"
New York Red Bulls,Barlow,Tom,F,"$175,000","$188,151"
New York Red Bulls,Carmona,Wikelman,M,"$66,724","$69,474"
New York Red Bulls,CÃ¡sseres Jr.,Cristian,M,"$230,000","$274,000"
New York Red Bulls,Castellano,JesÃºs,M,"$65,500","$70,868"
New York Red Bulls,Clark,Caden,M,"$148,800","$331,850"
New York Red Bulls,Coronel,Carlos Miguel,GK,"$480,000","$529,660"
New York Red Bulls,Edelman ,Daniel ,M,"$65,500","$75,352"
New York Red Bulls,Edwards,Tom,D-M,"$422,481","$422,481"
New York Red Bulls,Estrela,Bento,M,"$66,724","$90,724"
New York Red Bulls,Fernandez,Omir,M,"$140,000","$155,000"
New York Red Bulls,Fletcher ,Ashley ,F,"$1,350,000","$1,569,750"
New York Red Bulls,Harper,Cameron,M-F,"$225,000","$276,250"
New York Red Bulls,Jensen,David,M-F,"$350,000","$389,635"
New York Red Bulls,Klimala,Patryk ,F,"$1,000,000","$1,135,000"
New York Red Bulls,La Cava ,Jake,F,"$65,500","$65,500"
New York Red Bulls,Long,Aaron,D,"$1,050,000","$1,080,000"
New York Red Bulls,Marcucci Jr.,Anthony ,GK,"$66,724","$66,724"
New York Red Bulls,Meara,Ryan,GK,"$324,000","$324,000"
New York Red Bulls,MonzÃ³n,Lucas,D,"$205,000","$243,917"
New York Red Bulls,Morgan,Lewis,M-F,"$650,000","$653,125"
New York Red Bulls,Nealis,Sean,D,"$175,000","$196,875"
New York Red Bulls,Nealis,Dylan,D,"$175,000","$200,000"
New York Red Bulls,Ngoma,Serge ,F,"$65,500","$85,451"
New York Red Bulls,Pendant,Jason,D,"$340,000","$400,750"
New York Red Bulls,Reyes,AndrÃ©s,D,"$425,000","$469,375"
New York Red Bulls,Ryan ,Zach ,F,"$65,500","$65,500"
New York Red Bulls,Sowe,Omar,F,"$84,000","$93,086"
New York Red Bulls,Tolkin,John,D,"$100,000","$105,000"
New York Red Bulls,Yearwood,Dru,M,"$500,000","$544,750"
Orlando City SC,Aias,Matheus,F,"$252,000","$267,500"
Orlando City SC,Akindele,Tesho,F,"$325,000","$340,000"
Orlando City SC,Alvarado,Alexander,F,"$300,000","$318,240"
Orlando City SC,AraÃºjo,CÃ©sar,M,"$180,000","$261,000"
Orlando City SC,Carlos,AntÃ´nio ,D,"$900,000","$925,000"
Orlando City SC,De Almeida Junior,AntÃ´nio ,M,"$750,000","$780,000"
Orlando City SC,DeZart,Joseph,M,"$89,716","$89,716"
Orlando City SC,Freeman,Alex ,D,"$65,500","$69,500"
Orlando City SC,Gallese,Pedro,GK,"$515,000","$515,000"
Orlando City SC,Grinwis,Adam,GK,"$85,444","$85,444"
Orlando City SC,Halliday,Michael,D,"$89,716","$99,447"
Orlando City SC,Jansson,Robin,D,"$525,000","$581,250"
Orlando City SC,Kara ,Ercan ,F,"$1,860,000","$1,860,000"
Orlando City SC,Lynn,Jack ,F,"$65,500","$65,500"
Orlando City SC,MÃ©ndez,SebastiÃ¡n,M,"$600,000","$636,750"
Orlando City SC,Michel,Benji,F,"$115,000","$121,303"
Orlando City SC,Moutinho,JoÃ£o,D,"$220,000","$263,000"
Orlando City SC,Pato,Alexandre,F,"$400,000","$400,000"
Orlando City SC,Perea,AndrÃ©s,M,"$240,000","$248,500"
Orlando City SC,Pereyra,Mauricio,M,"$1,100,000","$1,348,000"
Orlando City SC,Rivera,Wilfredo,,"$66,724","$66,724"
Orlando City SC,Schlegel,Rodrigo,D,"$200,000","$200,000"
Orlando City SC,Smith,Kyle,D,"$128,580","$141,244"
Orlando City SC,Stajduhar,Mason,GK,"$89,716","$89,716"
Orlando City SC,Teixeira,Ruan ,D,"$360,000","$360,000"
Orlando City SC,Torres ,Facundo ,F,"$600,000","$953,200"
Orlando City SC,van der Water,Silvester,F,"$324,000","$349,750"
Orlando City SC,Williams ,Thomas ,D,"$66,724","$73,254"
Philadelphia Union,Aaronson,Paxten,M,"$107,500","$111,500"
Philadelphia Union,Bedoya,Alejandro,M,"$900,000","$1,110,000"
Philadelphia Union,Bendik,Joe,GK,"$250,000","$250,000"
Philadelphia Union,Blake,Andre,GK,"$750,000","$869,375"
Philadelphia Union,Bueno,JesÃºs,M,"$140,000","$155,378"
Philadelphia Union,Burke,Cory,F,"$400,000","$450,770"
Philadelphia Union,Carranza,JuliÃ¡n,F,"$900,000","$900,000"
Philadelphia Union,Craig,Brandan,M,"$85,000","$97,825"
Philadelphia Union,De Vries,Jack,M,"$150,000","$165,556"
Philadelphia Union,Elliott,Jack,D,"$700,000","$793,750"
Philadelphia Union,Findlay,Stuart,D,"$450,000","$450,000"
Philadelphia Union,Flach,Leon,M,"$250,000","$263,750"
Philadelphia Union,Freese,Matt,GK,"$118,250","$137,000"
Philadelphia Union,Gazdag,DÃ¡niel,M-F,"$550,000","$586,250"
Philadelphia Union,Glesnes,Jakob,D,"$675,000","$739,063"
Philadelphia Union,Harriel,Nathan,D,"$90,000","$107,500"
Philadelphia Union,Martinez,JosÃ© AndrÃ©s,M,"$250,000","$276,250"
Philadelphia Union,Mbaizo,Olivier,D,"$300,000","$367,343"
Philadelphia Union,McGlynn,Jack,M,"$77,500","$91,400"
Philadelphia Union,Oravec,Matej,M,"$300,000","$314,500"
Philadelphia Union,Portella,Gino,D,"$85,444","$99,169"
Philadelphia Union,Real,Matthew,D,"$105,000","$105,000"
Philadelphia Union,Santos,Sergio,F,"$850,000","$918,500"
Philadelphia Union,Sorenson ,Anthony ,M,"$85,444","$88,444"
Philadelphia Union,Sullivan,Quinn,M,"$100,000","$103,500"
Philadelphia Union,Turner,Cole,M,"$89,716","$92,716"
Philadelphia Union,Uhre,Mikael,F,"$1,400,000","$1,582,500"
Philadelphia Union,Wagner,Kai,D,"$510,000","$581,000"
Portland Timbers,Asprilla,Dairon,M-F,"$350,000","$352,500"
Portland Timbers,Ayala,David,M,"$275,000","$395,000"
Portland Timbers,Bingham,David,GK,"$84,000","$84,000"
Portland Timbers,Blanco,SebastiÃ¡n,M-F,"$1,340,000","$1,708,000"
Portland Timbers,Bodily,Blake,M,"$84,000","$84,000"
Portland Timbers,Bonilla,Pablo,D,"$132,000","$144,667"
Portland Timbers,Bravo,Claudio,D,"$300,000","$323,310"
Portland Timbers,CharÃ¡,Diego,M,"$675,000","$683,333"
Portland Timbers,CharÃ¡,Yimmi,M,"$1,500,000","$1,803,000"
Portland Timbers,FochivÃ©,George,M,"$84,000","$84,000"
Portland Timbers,GutiÃ©rrez,Diego ,F,"$65,500","$65,500"
Portland Timbers,Ikoba,Tega,F,"$85,444","$85,444"
Portland Timbers,Ivacic,Aljaz,GK,"$220,000","$248,333"
Portland Timbers,LorÃ­a,Marvin,M,"$125,000","$164,375"
Portland Timbers,Mabiala,Larrys,D,"$450,000","$450,000"
Portland Timbers,McGraw,Zac,D,"$84,000","$84,000"
Portland Timbers,Mora,Felipe,F,"$875,000","$955,000"
Portland Timbers,Moreno,Santiago ,F,"$300,000","$344,576"
Portland Timbers,Niezgoda,Jaroslaw,F,"$807,500","$976,758"
Portland Timbers,Paredes,Cristhian,M,"$252,000","$350,000"
Portland Timbers,Rasmussen ,Justin ,D,"$65,500","$65,500"
Portland Timbers,Sulte,Hunter,GK,"$65,500","$69,892"
Portland Timbers,Tuiloma,Bill,D-M,"$285,000","$304,450"
Portland Timbers,Van Rankin,Jose ,D-M,"$85,000","$85,000"
Portland Timbers,vom Steeg,Justin,GK,"$84,000","$84,000"
Portland Timbers,Williamson,Eryk,M,"$550,000","$550,000"
Portland Timbers,Zuparic,Dario,D,"$750,000","$766,667"
Real Salt Lake,Beavers,Gavin ,GK,"$65,500","$71,083"
Real Salt Lake,Benitez,Julio ,M,"$65,500","$75,125"
Real Salt Lake,Besler,Nick,M,"$210,000","$210,000"
Real Salt Lake,Brody,Andrew,M,"$85,444","$89,277"
Real Salt Lake,Caldwell,Scott,M,"$200,000","$205,000"
Real Salt Lake,Chang,Maikel,M,"$98,261","$98,261"
Real Salt Lake,CÃ³rdova,Sergio,F,"$600,000","$696,000"
Real Salt Lake,Davis,Bode,M-F,"$84,000","$88,294"
Real Salt Lake,Dewsnup,Jeffrey,GK,"$84,000","$93,825"
Real Salt Lake,Farnsworth,Zackery ,D,"$84,000","$98,750"
Real Salt Lake,Garcia,Chris,F,"$90,000","$94,300"
Real Salt Lake,Glad,Justen,D,"$675,000","$735,031"
Real Salt Lake,GÃ³mez,TomÃ¡s,GK,"$84,000","$84,000"
Real Salt Lake,Halsey,Bret,D,"$84,000","$91,500"
Real Salt Lake,Herrera,Aaron,D,"$340,000","$368,794"
Real Salt Lake,Holt,Erik,D,"$125,000","$125,000"
Real Salt Lake,Kablan ,Chris ,D,"$108,000","$126,000"
Real Salt Lake,Kappelhof,Johan,D-M,"$260,000","$287,000"
Real Salt Lake,Kei,Axel,F,"$65,500","$81,500"
Real Salt Lake,Kreilach,Damir,M,"$1,400,000","$1,550,000"
Real Salt Lake,LÃ¶effelsend,Jasper ,M,"$84,000","$84,000"
Real Salt Lake,Luiz,Everton,M,"$500,000","$570,833"
Real Salt Lake,MacMath,Zac,GK,"$200,000","$200,000"
Real Salt Lake,MenÃ©ndez,Jonathan ,M-F,"$500,000","$602,813"
Real Salt Lake,Meram,Justin,M,"$425,000","$468,750"
Real Salt Lake,Ochoa,David,GK,"$103,500","$103,500"
Real Salt Lake,Orozco,Jaziel ,D,"$65,500","$65,500"
Real Salt Lake,Putna,Andrew,GK,"$155,000","$168,458"
Real Salt Lake,RubÃ­n,Rubio,F,"$510,000","$582,937"
Real Salt Lake,Ruiz,Pablo,M,"$450,000","$523,500"
Real Salt Lake,Schmitt,Tate,F,"$92,500","$92,500"
Real Salt Lake,Silva,Marcelo,D,"$600,000","$646,667"
Real Salt Lake,Wellings,Jude ,M,"$65,500","$81,500"
Real Salt Lake,Wood ,Bobby ,F,"$925,000","$1,018,161"
San Jose Earthquakes,,Judson,M,"$420,000","$425,000"
San Jose Earthquakes,Ã…gren,Oskar,D,"$65,500","$65,500"
San Jose Earthquakes,Asomani,George ,M,"$66,724","$66,724"
San Jose Earthquakes,Beason,Tanner,D,"$200,000","$200,000"
San Jose Earthquakes,Bersano,Matt,GK,"$106,375","$106,375"
San Jose Earthquakes,Bouda,Ousseni,F,"$84,000","$96,500"
San Jose Earthquakes,Calvo,Francisco,D,"$866,087","$925,937"
San Jose Earthquakes,Cowell,Cade,F,"$545,455","$635,364"
San Jose Earthquakes,Ebobisse,Jeremy,F,"$620,734","$766,617"
San Jose Earthquakes,Espinoza,Cristian,F,"$1,150,000","$1,265,000"
San Jose Earthquakes,Fuentes,Gilbert,M,"$190,000","$208,750"
San Jose Earthquakes,GreguÅ¡,JÃ¡n,M,"$600,000","$655,000"
San Jose Earthquakes,Haji,Siad,F,"$120,000","$129,000"
San Jose Earthquakes,Kikanovic,Benjamin,F,"$85,444","$91,219"
San Jose Earthquakes,LÃ³pez,Marcos,D,"$400,000","$440,250"
San Jose Earthquakes,LÃ³pez,Javier,F,"$860,000","$860,000"
San Jose Earthquakes,Marcinkowski,JT,GK,"$300,000","$300,000"
San Jose Earthquakes,Marie,Paul,D,"$145,000","$156,375"
San Jose Earthquakes,Monteiro,Jamiro,M,"$1,200,000","$1,293,500"
San Jose Earthquakes,Ochoa,Emmanuel,GK,"$84,000","$94,051"
San Jose Earthquakes,Pelae Cardoso,Nathan Raphael,D,"$650,000","$691,250"
San Jose Earthquakes,Remedi,Eric,M,"$450,000","$450,000"
San Jose Earthquakes,Richmond,Will ,F,"$65,500","$65,500"
San Jose Earthquakes,Salinas,Shea,F,"$280,000","$280,000"
San Jose Earthquakes,Skahan,Jack,M,"$84,000","$84,000"
San Jose Earthquakes,Thompson,Tommy,D,"$280,000","$280,000"
San Jose Earthquakes,Tsakiris,Niko,M,"$65,500","$69,667"
San Jose Earthquakes,Walls,Casey,D,"$100,000","$103,000"
San Jose Earthquakes,Yueill,Jackson,M,"$700,000","$736,875"
Seattle Sounders FC,Adeniran ,Samuel ,F,"$65,500","$65,500"
Seattle Sounders FC,Arreaga,Xavier,D,"$700,000","$700,000"
Seattle Sounders FC,Atencio,Joshua,M,"$84,000","$88,557"
Seattle Sounders FC,Baker-Whiting,Reed,M,"$65,500","$85,500"
Seattle Sounders FC,Bruin,Will,F,"$260,000","$260,000"
Seattle Sounders FC,ChÃº,LÃ©o,M-F,"$550,000","$550,000"
Seattle Sounders FC,Cissoko,Abdoulaye,D,"$66,724","$66,724"
Seattle Sounders FC,Cleveland,Stefan,GK,"$150,000","$167,500"
Seattle Sounders FC,Dobbelaere,Ethan,M,"$89,716","$103,716"
Seattle Sounders FC,Frei,Stefan,GK,"$500,000","$500,000"
Seattle Sounders FC,GÃ³mez Andrade,Yeimar,D,"$650,004","$719,092"
Seattle Sounders FC,Leyva,Danny,M,"$110,000","$129,423"
Seattle Sounders FC,Lodeiro,NicolÃ¡s,M,"$2,640,000","$3,256,667"
Seattle Sounders FC,Medranda,Jimmy,M-D,"$200,000","$210,000"
Seattle Sounders FC,Montero,Fredy,F,"$110,000","$110,000"
Seattle Sounders FC,Morris,Jordan,F,"$1,250,000","$1,370,100"
Seattle Sounders FC,Ocampo-ChÃ¡vez,Alfonso,F,"$100,000","$114,500"
Seattle Sounders FC,Paulo,JoÃ£o,M,"$1,200,000","$1,283,333"
Seattle Sounders FC,Ragen,Jackson ,D,"$65,500","$65,500"
Seattle Sounders FC,RoldÃ¡n,Cristian,M,"$860,000","$981,542"
Seattle Sounders FC,RoldÃ¡n,Ãlex,M-D,"$200,000","$232,500"
Seattle Sounders FC,Rowe,Kelyn,M-D,"$275,000","$275,000"
Seattle Sounders FC,RuidÃ­az,RaÃºl,F,"$2,472,000","$3,201,120"
Seattle Sounders FC,RusnÃ¡k,Albert,M,"$1,800,000","$1,871,667"
Seattle Sounders FC,Teves,Dylan ,M,"$65,500","$65,500"
Seattle Sounders FC,Thomas,Andrew ,GK,"$84,000","$91,500"
Seattle Sounders FC,Tolo,Nouhou,D,"$300,000","$344,274"
Seattle Sounders FC,Vargas ,Obed ,M,"$65,500","$74,531"
Sporting Kansas City,Cisneros,Osvaldo,F,"$65,500","$68,500"
Sporting Kansas City,Davis ,Jacob ,M,"$65,500","$65,500"
Sporting Kansas City,Duke,Cameron,M,"$90,000","$93,000"
Sporting Kansas City,Espinoza,RÃ³ger,M,"$300,000","$300,000"
Sporting Kansas City,FontÃ¡s,Andreu,D,"$1,125,000","$1,125,000"
Sporting Kansas City,Ford,Kortne,D,"$150,000","$151,667"
Sporting Kansas City,HernÃ¡ndez,Felipe,M,"$85,444","$85,444"
Sporting Kansas City,Isimat-Mirin,Nicolas,D,"$950,000","$1,028,124"
Sporting Kansas City,Kinda,Gadi,M,"$850,000","$918,000"
Sporting Kansas City,McIntosh,Kendall,GK,"$120,000","$120,000"
Sporting Kansas City,Melia,Tim,GK,"$525,000","$529,167"
Sporting Kansas City,Ndenbe,Logan ,D,"$350,000","$396,125"
Sporting Kansas City,Pierre,Kayden ,D,"$65,500","$70,600"
Sporting Kansas City,Pulido,Alan,F,"$2,200,000","$2,200,000"
Sporting Kansas City,Pulskamp,John,GK,"$89,716","$92,216"
Sporting Kansas City,Rad,Kaveh,D,"$84,000","$84,000"
Sporting Kansas City,Rosell,Oriol,M,"$475,000","$475,000"
Sporting Kansas City,Russell,Johnny,F,"$2,000,000","$2,000,000"
Sporting Kansas City,SallÃ³i,DÃ¡niel,F,"$450,000","$506,667"
Sporting Kansas City,Shelton,Khiry,F,"$350,000","$350,000"
Sporting Kansas City,Sweat,Ben,D,"$200,000","$200,000"
Sporting Kansas City,Tzionis,Marinos ,F-M,"$612,500","$612,500"
Sporting Kansas City,Voloder,Robert ,D,"$400,000","$427,860"
Sporting Kansas City,Vujnovic,Nikola,F,"$428,580","$481,705"
Sporting Kansas City,Walter,RÃ©mi,M,"$800,000","$800,000"
Sporting Kansas City,Zusi,Graham,D,"$450,000","$450,000"
Toronto FC,,Auro,D,"$400,000","$428,750"
Toronto FC,Achara,Ifunanyachi,M,"$84,000","$84,000"
Toronto FC,Akinola,Ayo,F,"$600,000","$671,875"
Toronto FC,Bono,Alex,GK,"$525,000","$557,000"
Toronto FC,Bradley,Michael,M,"$1,500,000","$1,500,000"
Toronto FC,Chung,Kadin ,D,"$65,500","$70,631"
Toronto FC,JimÃ©nez,JesÃºs,F-M,"$815,000","$934,927"
Toronto FC,Kerr,Deandre,M-F,"$65,500","$70,819"
Toronto FC,MacNaughton ,Lukas,D,"$84,000","$86,100"
Toronto FC,Marshall-Rutty,Jahkeele,F,"$130,000","$136,842"
Toronto FC,Mavinga,Chris,D,"$1,000,000","$1,037,500"
Toronto FC,Nelson,Jayden,F,"$130,000","$136,586"
Toronto FC,O'Neill,Shane,D,"$320,000","$358,000"
Toronto FC,Okello,Noble,M,"$115,000","$126,815"
Toronto FC,Osorio,Jonathan,M,"$1,000,000","$1,026,250"
Toronto FC,Perruzza,Jordan,F,"$84,000","$86,500"
Toronto FC,Petrasso,Luca ,D,"$65,500","$65,500"
Toronto FC,Pozuelo ,Alejandro,M,"$3,800,000","$4,693,000"
Toronto FC,Priso--Mbongue,Ralph,M,"$85,444","$89,195"
Toronto FC,Ranjitsingh,Gregory,GK,"$84,000","$89,167"
Toronto FC,Salcedo,Carlos,D,"$2,200,000","$2,351,000"
Toronto FC,Shaffelburg,Jacob,M-F,"$130,000","$136,500"
Toronto FC,Singh ,Luke ,D,"$84,000","$91,966"
Toronto FC,Thompson ,Kosi,M,"$65,500","$70,760"
Toronto FC,Westberg,Quentin,GK,"$300,000","$313,583"
Vancouver Whitecaps,Baldisimo,Michael,M,"$107,415","$109,178"
Vancouver Whitecaps,Berhalter,Sebastian,M,"$100,000","$137,250"
Vancouver Whitecaps,Bikel,Janio,M,"$400,000","$438,750"
Vancouver Whitecaps,Blackmon,Tristan,D,"$350,000","$401,208"
Vancouver Whitecaps,Boehmer,Isaac,GK,"$65,500","$65,500"
Vancouver Whitecaps,Brown,Javain,D,"$84,000","$97,481"
Vancouver Whitecaps,Caicedo,DÃ©iber,M-F,"$300,000","$331,125"
Vancouver Whitecaps,Campagna,Matteo ,D-M,"$65,500","$74,512"
Vancouver Whitecaps,Cavallini,Lucas,F,"$1,200,000","$1,462,500"
Vancouver Whitecaps,Colyn,Simon,M,"$85,444","$85,444"
Vancouver Whitecaps,Cornelius,Derek,D,"$127,050","$127,050"
Vancouver Whitecaps,Cropper,Cody,GK,"$84,000","$84,000"
Vancouver Whitecaps,DÃ¡jome,Cristian,F,"$750,000","$815,625"
Vancouver Whitecaps,Egbo,David,F,"$66,724","$66,724"
Vancouver Whitecaps,Gauld ,Ryan ,M,"$2,160,000","$2,265,000"
Vancouver Whitecaps,Godinho,Marcus ,D,"$85,444","$88,444"
Vancouver Whitecaps,Godoy,Ã‰rik,D,"$550,000","$550,000"
Vancouver Whitecaps,GutiÃ©rrez,CristiÃ¡n,D,"$250,000","$267,500"
Vancouver Whitecaps,Habibullah,Kamron,M-F,"$84,000","$94,882"
Vancouver Whitecaps,Hasal,Thomas,GK,"$155,000","$173,934"
Vancouver Whitecaps,Jungwirth,Florian,D-M,"$550,000","$592,667"
Vancouver Whitecaps,Nerwinski,Jake,D,"$265,000","$280,000"
Vancouver Whitecaps,Newton,Evan,GK,"$105,000","$114,802"
Vancouver Whitecaps,Owusu,Leonard,M,"$350,000","$401,250"
Vancouver Whitecaps,Pecile,Damiano,M,"$84,000","$89,894"
Vancouver Whitecaps,Raposo,Ryan,M,"$100,000","$114,000"
Vancouver Whitecaps,Ricketts,Tosaint,F,"$84,000","$84,000"
Vancouver Whitecaps,Alexandre,Caio,M,"$500,000","$539,583"
Vancouver Whitecaps,Teibert,Russell,M,"$400,000","$437,500"
Vancouver Whitecaps,Veselinovic,Ranko,D,"$405,000","$490,500"
Vancouver Whitecaps,Vite,Pedro ,M,"$556,000","$609,997"
Vancouver Whitecaps,White,Brian,F,"$456,000","$456,000"
